Red Hub,1RedkCkVaXuVXrqCMpoXQS29bwaqsuFdL
Blue Hub,1BLueGvui1GdbtsjcKqCf4F67uKfritG49
Infinity Hub,1NFiNiTYxiKn5PJo9eDEsiusJJUFkew5Vo
Kaffie's Hub,12h51ug6CcntU2aiBjhP8Ns2e5VypbWWtv
Bitcoin,12rTbtzcEZH7RiVfShBB3qhoe3rfwbpm8S
Hub Espanol,15mV5T1R1wxg3E1FPsvZw19bw6QzvRREfn
Anarcho-Capitalism,1CiGGh6RrTtaTJfutVKUrfURsP5J4stJDk
GFW Hub,1Gb25pK7XqrgnBYjhHLGBjEYURg2MhbJCq
Trump 2016,16bNGdxFkGWGnCEfVue3w4CSp3Ew2hcyBB
Orange is the new Black,1ARSTRDgMSH2E81pcZCbaEq28TZ72Levxh
Yellow Hub,18FheQ1v3bz4iv5yx8hr9hg5W5BJ8WNJ8d
Green Hub,1GrEenUGRWnzaNZjR3XsQa6dQgdPDTyt7i
Bot Hub,1JUDmCT4UCSdnPsJAHBoXNkDS61Y31Ue52
Polski Hub (PolishHub),149fpM31r6YUc7WZ1m28Lq6Ef3zwdBFKBq
YellowHub,1GnSLuqqmB8oRAJ4SK4hvzt6Jo1qAnEbXn
hi/ hub,1HNf26SK9Hi9LES1kUKg6r36hDwhBdNBKM
